                  epoch,         train/box_loss,         train/cls_loss,         train/dfl_loss,   metrics/precision(B),      metrics/recall(B),       metrics/mAP50(B),    metrics/mAP50-95(B),           val/box_loss,           val/cls_loss,           val/dfl_loss,                 lr/pg0,                 lr/pg1,                 lr/pg2
                      1,                 3.0795,                 3.6164,                 4.1835,                0.00843,                0.21373,                0.01055,                0.00352,                 2.7839,                  3.817,                 4.1629,             0.00053344,             0.00053344,             0.00053344
                      2,                 2.9946,                  3.054,                 4.0592,                0.00859,                0.21782,                0.00993,                0.00356,                 2.7515,                  3.807,                 4.1539,              0.0010793,              0.0010793,              0.0010793
                      3,                 2.8962,                 2.6077,                 3.8523,                0.00916,                0.28426,                0.03967,                 0.0095,                 2.5843,                 3.5089,                  3.975,              0.0016207,              0.0016207,              0.0016207
                      4,                 2.6093,                 2.4803,                 3.6213,                0.34867,                0.15716,                0.13404,                0.04784,                 2.4705,                  3.596,                 3.7222,              0.0016472,              0.0016472,              0.0016472
                      5,                 2.5392,                 2.2419,                 3.4181,                0.30199,                0.28544,                0.20707,                0.09241,                 2.2497,                 3.7126,                 3.3791,              0.0016472,              0.0016472,              0.0016472
                      6,                 2.4279,                 2.2293,                 3.2728,                0.32511,                0.43183,                0.30337,                0.14685,                 2.1722,                 3.5563,                 3.2435,              0.0016406,              0.0016406,              0.0016406
                      7,                  2.246,                 2.0622,                 3.0918,                0.17921,                0.36867,                 0.1617,                0.08139,                 2.1514,                 3.6697,                 3.1543,               0.001634,               0.001634,               0.001634
                      8,                 2.1229,                 2.0556,                 3.0565,                0.42225,                0.32233,                0.31084,                0.15506,                 2.0524,                 2.4219,                 3.2582,              0.0016274,              0.0016274,              0.0016274
                      9,                 2.1004,                 1.8858,                 2.9254,                0.46517,                0.44197,                 0.3126,                0.16186,                 1.9387,                 2.7428,                 2.9203,              0.0016208,              0.0016208,              0.0016208
                     10,                 2.0303,                 1.8379,                 2.7936,                0.52737,                0.39732,                0.35478,                0.20826,                 1.7303,                 2.5612,                 2.6742,              0.0016142,              0.0016142,              0.0016142
                     11,                 1.8275,                 1.7615,                 2.6648,                0.55136,                 0.4049,                0.38254,                0.21589,                 1.7234,                  2.007,                  2.637,              0.0016076,              0.0016076,              0.0016076
                     12,                 1.8462,                 1.6859,                 2.6165,                0.59889,                0.49142,                0.41944,                0.25349,                 1.6314,                 1.8412,                 2.5516,               0.001601,               0.001601,               0.001601
                     13,                 1.8437,                 1.6196,                  2.592,                0.62931,                0.51284,                0.45279,                0.28566,                 1.5123,                 2.1688,                 2.3958,              0.0015944,              0.0015944,              0.0015944
                     14,                 1.7254,                 1.5537,                 2.4397,                0.61854,                0.49107,                0.49662,                0.31154,                 1.4957,                 1.7294,                 2.2832,              0.0015878,              0.0015878,              0.0015878
                     15,                 1.6695,                 1.5749,                 2.3849,                0.60585,                0.49842,                0.49436,                0.30433,                 1.5149,                 1.7396,                 2.2827,              0.0015812,              0.0015812,              0.0015812
                     16,                 1.5352,                 1.4794,                  2.296,                0.71027,                0.47746,                0.50408,                0.32017,                 1.4175,                 1.8114,                 2.1871,              0.0015746,              0.0015746,              0.0015746
                     17,                 1.5588,                 1.4876,                 2.2511,                0.71546,                0.46893,                  0.536,                0.35524,                 1.3868,                 1.8883,                 2.1148,               0.001568,               0.001568,               0.001568
                     18,                 1.4991,                 1.4643,                 2.2046,                0.66019,                0.50307,                 0.4948,                0.32533,                 1.4139,                 1.6458,                 2.1671,              0.0015614,              0.0015614,              0.0015614
                     19,                 1.4994,                 1.4046,                 2.1705,                0.67437,                0.53336,                0.50125,                 0.3341,                 1.3463,                  1.625,                 2.0574,              0.0015548,              0.0015548,              0.0015548
                     20,                  1.462,                 1.3756,                 2.1036,                0.73657,                 0.5033,                0.54624,                 0.3651,                 1.3878,                 1.5364,                  2.096,              0.0015482,              0.0015482,              0.0015482
                     21,                 1.4945,                 1.4106,                 2.1391,                0.75168,                0.52526,                0.53021,                0.35549,                  1.376,                 1.4935,                 2.0749,              0.0015416,              0.0015416,              0.0015416
                     22,                 1.7042,                 1.5532,                 2.2102,                0.62964,                0.51512,                0.44739,                0.29044,                 1.4235,                 1.9881,                 2.1334,               0.001535,               0.001535,               0.001535
                     23,                 1.5699,                 1.4672,                 2.1637,                0.73698,                0.46748,                0.50544,                0.31162,                 1.4438,                 1.8176,                 2.1355,              0.0015284,              0.0015284,              0.0015284
                     24,                 1.5185,                 1.4646,                 2.1395,                0.75671,                0.52046,                 0.5526,                0.36183,                 1.3282,                 1.4376,                 1.9903,              0.0015218,              0.0015218,              0.0015218
                     25,                 1.4047,                 1.3619,                 2.0492,                0.76131,                0.54794,                0.57835,                0.39629,                 1.2613,                 1.3089,                 1.9613,              0.0015152,              0.0015152,              0.0015152
                     26,                 1.3721,                 1.2743,                 1.9928,                0.83054,                 0.5435,                 0.5957,                0.39573,                 1.3273,                 1.3144,                 2.0236,              0.0015086,              0.0015086,              0.0015086
                     27,                 1.3521,                 1.3129,                 2.0095,                0.82456,                0.53172,                0.59845,                0.40445,                 1.2186,                 1.2707,                 1.8696,               0.001502,               0.001502,               0.001502
                     28,                 1.3292,                 1.2773,                 1.9332,                0.72218,                0.51125,                0.56497,                0.37595,                  1.209,                 1.3787,                 1.8711,              0.0014954,              0.0014954,              0.0014954
                     29,                 1.2538,                 1.1811,                 1.8485,                0.88187,                0.52853,                0.59618,                0.42434,                 1.1732,                 1.1859,                 1.8078,              0.0014888,              0.0014888,              0.0014888
                     30,                  1.238,                 1.1963,                 1.8621,                0.86638,                0.54229,                 0.6022,                0.42427,                 1.1703,                  1.264,                 1.8385,              0.0014822,              0.0014822,              0.0014822
                     31,                 1.2482,                 1.1762,                 1.8609,                0.84041,                0.55685,                0.60532,                0.42588,                 1.1549,                 1.3319,                  1.804,              0.0014756,              0.0014756,              0.0014756
                     32,                 1.2948,                 1.2312,                 1.8252,                0.83937,                0.54048,                0.59915,                0.42121,                 1.1898,                 1.2409,                 1.8182,               0.001469,               0.001469,               0.001469
                     33,                 1.2409,                 1.2239,                 1.8578,                0.83929,                0.55616,                0.60135,                 0.4307,                 1.1464,                 1.1824,                 1.7965,              0.0014624,              0.0014624,              0.0014624
                     34,                 1.1967,                 1.1623,                 1.8243,                0.81901,                0.53931,                0.59339,                0.42137,                 1.1398,                 1.2314,                 1.8017,              0.0014558,              0.0014558,              0.0014558
                     35,                  1.189,                 1.1708,                 1.7935,                0.74613,                0.56727,                0.59402,                0.41016,                 1.1448,                  1.206,                 1.8026,              0.0014492,              0.0014492,              0.0014492
                     36,                 1.2178,                 1.1969,                 1.8038,                0.81319,                0.56896,                  0.599,                0.43022,                 1.1202,                 1.1472,                 1.7545,              0.0014426,              0.0014426,              0.0014426
                     37,                 1.2273,                 1.1759,                 1.8124,                0.83089,                0.55536,                0.61285,                0.44394,                  1.097,                 1.1616,                 1.7408,               0.001436,               0.001436,               0.001436
                     38,                 1.2346,                 1.1489,                 1.7879,                0.84663,                0.57111,                0.62951,                0.45526,                 1.0671,                 1.1016,                  1.682,              0.0014294,              0.0014294,              0.0014294
                     39,                 1.1786,                 1.1139,                 1.7473,                 0.8945,                0.55216,                 0.6338,                0.45823,                 1.1047,                 1.0801,                   1.73,              0.0014228,              0.0014228,              0.0014228
                     40,                 1.1825,                  1.101,                 1.7421,                0.83012,                0.58543,                0.62797,                0.45338,                 1.1242,                 1.0712,                 1.7342,              0.0014161,              0.0014161,              0.0014161
                     41,                 1.1425,                 1.0688,                 1.6944,                0.86042,                0.54534,                0.61127,                0.44872,                 1.0974,                 1.1108,                 1.7068,              0.0014095,              0.0014095,              0.0014095
                     42,                 1.1165,                 1.0789,                 1.7185,                 0.8267,                0.56122,                0.61341,                0.45382,                 1.0326,                  1.115,                 1.6458,              0.0014029,              0.0014029,              0.0014029
                     43,                 1.1238,                 1.0217,                 1.6791,                0.86083,                0.57872,                0.62689,                0.45223,                 1.0633,                 1.1125,                 1.6639,              0.0013963,              0.0013963,              0.0013963
                     44,                 1.1069,                 1.0485,                 1.6725,                0.81606,                0.61849,                0.64093,                0.46266,                 1.0698,                 1.0319,                 1.6183,              0.0013897,              0.0013897,              0.0013897
                     45,                 1.0959,                 1.0797,                 1.6692,                0.87986,                0.61357,                0.65075,                0.47929,                 1.0284,                0.99698,                 1.5998,              0.0013831,              0.0013831,              0.0013831
                     46,                 1.0398,                0.97965,                 1.6155,                0.86507,                0.57545,                0.64591,                0.48292,                0.96916,                0.97038,                 1.5673,              0.0013765,              0.0013765,              0.0013765
                     47,                 1.0283,                 1.0197,                 1.6479,                0.84563,                0.60034,                0.64123,                 0.4664,                 1.0438,                 1.0272,                 1.6497,              0.0013699,              0.0013699,              0.0013699
                     48,                 1.0895,                 1.0208,                 1.6046,                0.82495,                0.61303,                0.63946,                0.47278,                 1.0599,                 1.0551,                 1.5987,              0.0013633,              0.0013633,              0.0013633
                     49,                  1.046,                0.98132,                  1.614,                0.86286,                0.61609,                0.64803,                0.47593,                 1.0464,                 1.0289,                 1.6185,              0.0013567,              0.0013567,              0.0013567
                     50,                 1.0006,                0.96343,                 1.6019,                0.84658,                0.61361,                0.64296,                0.48436,                0.98888,                 1.0392,                 1.5624,              0.0013501,              0.0013501,              0.0013501
                     51,                 1.0324,                0.97159,                 1.6106,                0.83327,                0.60555,                0.63811,                0.47092,                 1.0241,                  1.051,                 1.6173,              0.0013435,              0.0013435,              0.0013435
                     52,                 1.0494,                 0.9878,                 1.6358,                0.81189,                 0.6039,                 0.6311,                0.45945,                 1.0385,                  1.054,                 1.6176,              0.0013369,              0.0013369,              0.0013369
                     53,                 1.0862,                 1.0134,                 1.5905,                 0.8619,                0.59359,                0.63539,                0.45657,                 1.0607,                 1.0221,                  1.622,              0.0013303,              0.0013303,              0.0013303
                     54,                 1.1133,                  1.026,                  1.608,                0.87278,                0.57734,                0.63696,                0.45506,                  1.039,                0.97665,                 1.6268,              0.0013237,              0.0013237,              0.0013237
                     55,                 1.0278,                0.96014,                 1.5855,                0.89667,                0.59604,                0.64531,                0.47954,                0.99583,                0.91272,                 1.5781,              0.0013171,              0.0013171,              0.0013171
                     56,                 1.0298,                0.91517,                 1.5635,                 0.9073,                0.58707,                0.64837,                0.48206,                 1.0257,                0.94838,                 1.6146,              0.0013105,              0.0013105,              0.0013105
                     57,                 1.0173,                0.95696,                 1.5572,                0.90722,                0.59948,                0.65043,                0.47651,                 1.0228,                 1.0004,                 1.5835,              0.0013039,              0.0013039,              0.0013039
                     58,                0.99306,                 0.9289,                 1.5798,                0.91599,                0.61352,                0.66045,                0.47393,                 1.0098,                0.97211,                 1.5687,              0.0012973,              0.0012973,              0.0012973
                     59,                0.99482,                0.97799,                  1.566,                0.89355,                0.62498,                0.66576,                0.49105,                0.99024,                0.90216,                 1.5283,              0.0012907,              0.0012907,              0.0012907
                     60,                 1.0104,                0.88421,                 1.5206,                0.89796,                0.61838,                0.66774,                0.48451,                0.98523,                0.86557,                 1.5491,              0.0012841,              0.0012841,              0.0012841
                     61,                0.95642,                0.91063,                 1.4843,                0.91282,                0.61529,                0.66122,                0.49067,                0.96908,                0.88482,                 1.5218,              0.0012775,              0.0012775,              0.0012775
                     62,                0.96208,                0.88758,                 1.5168,                0.91877,                0.63526,                0.66905,                0.50343,                0.94317,                0.87302,                 1.5053,              0.0012709,              0.0012709,              0.0012709
                     63,                0.94719,                0.89735,                  1.506,                0.91725,                0.60925,                0.66215,                0.48642,                 1.0032,                0.90749,                 1.5627,              0.0012643,              0.0012643,              0.0012643
                     64,                0.94168,                0.88465,                 1.4919,                0.89788,                0.63091,                0.66243,                0.49478,                0.97113,                0.87338,                 1.5345,              0.0012577,              0.0012577,              0.0012577
                     65,                0.98204,                0.91072,                 1.5123,                0.88065,                0.60869,                0.64478,                  0.489,                0.96242,                0.89088,                 1.5479,              0.0012511,              0.0012511,              0.0012511
                     66,                0.97664,                 0.8935,                 1.4985,                0.88931,                0.61713,                0.66103,                0.49955,                0.96917,                0.84266,                 1.5616,              0.0012445,              0.0012445,              0.0012445
                     67,                 1.0143,                0.91142,                 1.5504,                 0.8812,                0.61841,                0.66427,                0.50067,                0.97404,                0.85363,                 1.5613,              0.0012379,              0.0012379,              0.0012379
                     68,                0.98282,                0.89573,                 1.5296,                0.88084,                0.61113,                0.65863,                0.49183,                0.98533,                0.85511,                 1.5991,              0.0012313,              0.0012313,              0.0012313
                     69,                0.99494,                0.93711,                 1.5474,                0.91911,                0.59092,                0.65701,                 0.4883,                 1.0043,                 0.8814,                 1.5675,              0.0012247,              0.0012247,              0.0012247
                     70,                0.96125,                0.89654,                 1.4979,                0.87923,                0.61597,                0.65339,                0.49111,                0.94928,                0.87108,                 1.5364,              0.0012181,              0.0012181,              0.0012181
                     71,                0.92644,                0.87479,                 1.5043,                0.88572,                0.61035,                0.65587,                0.48948,                0.97053,                 0.8643,                 1.5358,              0.0012115,              0.0012115,              0.0012115
                     72,                0.95666,                0.87502,                 1.5107,                 0.8982,                0.62512,                0.67121,                0.49813,                0.94744,                0.85888,                 1.5469,              0.0012049,              0.0012049,              0.0012049
                     73,                0.95358,                0.87766,                 1.5168,                0.89629,                0.61237,                0.66928,                0.49839,                 0.9236,                0.83163,                 1.5009,              0.0011983,              0.0011983,              0.0011983
                     74,                0.94555,                0.91471,                 1.4593,                0.91293,                0.61369,                0.67462,                0.49682,                0.97956,                0.87614,                 1.5355,              0.0011917,              0.0011917,              0.0011917
                     75,                0.90888,                0.83449,                 1.3914,                0.89978,                0.62907,                0.67445,                0.50564,                 0.9177,                0.81408,                 1.5033,              0.0011851,              0.0011851,              0.0011851
                     76,                0.90087,                0.86841,                 1.4319,                0.88006,                0.64764,                0.67389,                0.51088,                0.91741,                0.82588,                 1.5071,              0.0011785,              0.0011785,              0.0011785
                     77,                0.91623,                0.87097,                 1.5018,                0.90852,                0.62659,                0.67257,                0.51517,                0.92321,                0.86158,                  1.497,              0.0011719,              0.0011719,              0.0011719
                     78,                0.89139,                0.86459,                  1.432,                0.87709,                0.62903,                0.67512,                0.51027,                0.90736,                 0.8221,                 1.5245,              0.0011653,              0.0011653,              0.0011653
                     79,                0.85747,                0.80422,                 1.4263,                0.88458,                0.63631,                0.67758,                0.51496,                0.89248,                0.79549,                 1.4677,              0.0011587,              0.0011587,              0.0011587
                     80,                0.94723,                0.84979,                 1.4625,                0.92059,                0.63315,                0.68057,                0.51002,                0.89831,                0.82142,                  1.479,              0.0011521,              0.0011521,              0.0011521
                     81,                0.90055,                0.84318,                 1.4583,                0.89962,                 0.6372,                0.67848,                0.51248,                0.88142,                0.79672,                 1.4364,              0.0011455,              0.0011455,              0.0011455
                     82,                0.86212,                0.77462,                 1.3796,                 0.8993,                0.63068,                0.67652,                 0.5106,                0.90266,                0.79945,                 1.4548,              0.0011389,              0.0011389,              0.0011389
                     83,                0.88832,                0.82031,                 1.4608,                0.92136,                 0.6266,                0.68549,                0.51608,                0.91044,                0.78813,                 1.4825,              0.0011323,              0.0011323,              0.0011323
                     84,                0.94597,                0.85756,                 1.4688,                0.89641,                0.63378,                0.67466,                0.50766,                 0.9371,                0.81222,                 1.4817,              0.0011257,              0.0011257,              0.0011257
                     85,                0.87951,                0.81387,                 1.4723,                0.90788,                0.63207,                0.67512,                 0.5132,                0.91484,                0.81543,                 1.4831,              0.0011191,              0.0011191,              0.0011191
                     86,                0.97921,                0.82707,                 1.5097,                0.89326,                0.62483,                0.67154,                  0.507,                0.93987,                0.83139,                 1.4872,              0.0011125,              0.0011125,              0.0011125
                     87,                 0.9407,                0.81579,                 1.4617,                0.90279,                 0.6325,                0.67723,                0.51317,                0.90646,                0.80483,                 1.4484,              0.0011059,              0.0011059,              0.0011059
                     88,                0.90612,                0.83225,                 1.4866,                 0.9168,                0.62102,                0.67383,                0.50374,                0.95554,                0.80738,                 1.4846,              0.0010993,              0.0010993,              0.0010993
                     89,                0.89974,                0.80699,                 1.4482,                 0.9148,                 0.6346,                0.67927,                 0.4966,                 0.9353,                0.79698,                 1.4883,              0.0010927,              0.0010927,              0.0010927
                     90,                0.88414,                0.77648,                 1.4296,                0.87684,                0.63857,                0.66598,                0.49484,                0.93038,                0.80026,                 1.4619,              0.0010861,              0.0010861,              0.0010861
                     91,                0.86176,                0.77673,                 1.4249,                0.86269,                0.64235,                0.66603,                0.50408,                0.90948,                0.76514,                  1.468,              0.0010795,              0.0010795,              0.0010795
                     92,                0.88935,                 0.7688,                 1.4186,                0.87327,                0.64787,                0.68216,                0.52093,                0.89038,                0.76608,                 1.4362,              0.0010729,              0.0010729,              0.0010729
                     93,                0.87403,                0.76494,                 1.3854,                0.93653,                0.61522,                0.69092,                0.50739,                0.89947,                0.77311,                 1.4585,              0.0010663,              0.0010663,              0.0010663
                     94,                0.88693,                0.80271,                 1.4038,                0.91491,                0.61195,                0.67577,                0.49862,                0.92401,                0.81218,                 1.4766,              0.0010597,              0.0010597,              0.0010597
                     95,                0.88322,                0.78202,                 1.4048,                0.88939,                0.61684,                0.66604,                0.50918,                0.92048,                0.84569,                 1.4756,              0.0010531,              0.0010531,              0.0010531
                     96,                0.88698,                 0.8162,                 1.4217,                0.89724,                0.62013,                0.68425,                0.52101,                0.85326,                0.77782,                 1.4488,              0.0010465,              0.0010465,              0.0010465
                     97,                0.81509,                0.70909,                 1.3813,                0.89226,                0.62926,                 0.6728,                0.50193,                0.88775,                0.77714,                  1.453,              0.0010399,              0.0010399,              0.0010399
                     98,                0.83947,                0.77268,                 1.4131,                0.87762,                0.61762,                0.66506,                0.50145,                0.90815,                0.77637,                 1.4648,              0.0010333,              0.0010333,              0.0010333
                     99,                 0.8665,                0.74302,                 1.4029,                0.90709,                0.61216,                0.65969,                0.50037,                 0.8921,                0.78843,                  1.456,              0.0010267,              0.0010267,              0.0010267
                    100,                0.84729,                0.75041,                  1.388,                0.90994,                0.63226,                0.68484,                0.52051,                 0.8856,                 0.7485,                 1.4404,              0.0010201,              0.0010201,              0.0010201
                    101,                0.85909,                0.74509,                 1.3672,                0.91022,                0.63515,                0.69089,                 0.5216,                0.86784,                 0.7628,                 1.4525,              0.0010135,              0.0010135,              0.0010135
                    102,                0.87189,                0.76609,                 1.4059,                0.93595,                0.63143,                0.68405,                0.51861,                0.88476,                0.74605,                 1.4416,              0.0010069,              0.0010069,              0.0010069
                    103,                0.80172,                 0.6829,                 1.3485,                0.92219,                0.63875,                0.68079,                0.51834,                0.88733,                 0.7134,                 1.4191,              0.0010003,              0.0010003,              0.0010003
                    104,                0.80844,                  0.687,                 1.3442,                0.92009,                0.63056,                0.68843,                0.51941,                0.86443,                0.72076,                 1.4093,             0.00099367,             0.00099367,             0.00099367
                    105,                0.82828,                0.74155,                 1.3664,                 0.8792,                0.66099,                0.69133,                0.52801,                0.84789,                0.70687,                  1.406,             0.00098706,             0.00098706,             0.00098706
                    106,                 0.7986,                0.71267,                 1.3557,                0.92143,                0.65456,                0.69515,                0.52744,                0.85992,                0.70858,                 1.4265,             0.00098046,             0.00098046,             0.00098046
                    107,                0.77946,                0.69096,                 1.3411,                0.92474,                0.64548,                0.70254,                0.53788,                 0.8603,                 0.7082,                 1.4045,             0.00097386,             0.00097386,             0.00097386
                    108,                0.79469,                 0.7103,                 1.3304,                0.92581,                0.63719,                0.69727,                 0.5263,                0.86572,                0.71471,                  1.432,             0.00096726,             0.00096726,             0.00096726
                    109,                0.80393,                0.68005,                 1.3384,                0.94383,                0.64123,                0.69242,                0.52341,                0.85624,                0.70151,                 1.4156,             0.00096066,             0.00096066,             0.00096066
                    110,                0.84595,                  0.687,                 1.3326,                0.94055,                0.64607,                0.70149,                0.52063,                0.85264,                0.69607,                 1.4285,             0.00095406,             0.00095406,             0.00095406
                    111,                0.82896,                 0.6876,                 1.3408,                0.91745,                0.64363,                 0.6976,                0.53005,                0.84803,                0.71091,                 1.4154,             0.00094746,             0.00094746,             0.00094746
                    112,                0.80812,                0.70507,                  1.328,                 0.8898,                0.64441,                0.69819,                0.53523,                0.84209,                 0.6966,                 1.3824,             0.00094085,             0.00094085,             0.00094085
                    113,                0.80998,                 0.6898,                 1.3376,                 0.8796,                0.65242,                0.69923,                0.52512,                0.85838,                0.67219,                 1.4067,             0.00093425,             0.00093425,             0.00093425
                    114,                0.79495,                 0.6991,                 1.3506,                0.91521,                0.65286,                 0.7021,                0.53263,                0.83079,                0.66834,                 1.3792,             0.00092765,             0.00092765,             0.00092765
                    115,                0.84868,                0.70828,                 1.3521,                0.92665,                0.65087,                0.69865,                 0.5305,                 0.8482,                 0.6823,                 1.4097,             0.00092105,             0.00092105,             0.00092105
                    116,                0.78448,                0.67255,                 1.3303,                0.93364,                 0.6481,                 0.6918,                0.52914,                0.84968,                0.69507,                 1.4167,             0.00091445,             0.00091445,             0.00091445
                    117,                0.84282,                0.70228,                 1.3699,                0.91702,                0.63792,                0.70073,                 0.5346,                0.82835,                0.71807,                 1.3899,             0.00090785,             0.00090785,             0.00090785
                    118,                0.81828,                0.69434,                 1.3318,                0.91299,                0.62895,                0.69786,                0.53291,                0.84488,                0.69801,                 1.4152,             0.00090125,             0.00090125,             0.00090125
                    119,                0.78137,                0.67243,                 1.3237,                0.94108,                0.63954,                0.70191,                0.53649,                0.84809,                0.69387,                 1.4055,             0.00089465,             0.00089465,             0.00089465
                    120,                0.80103,                0.71834,                 1.3072,                 0.9518,                0.64477,                0.70618,                0.53676,                 0.8347,                0.68497,                 1.3964,             0.00088804,             0.00088804,             0.00088804
                    121,                 0.7648,                0.65341,                 1.3035,                0.94776,                 0.6394,                0.70702,                0.54313,                0.80566,                0.69265,                 1.3675,             0.00088144,             0.00088144,             0.00088144
                    122,                0.78966,                 0.6553,                 1.3417,                 0.9341,                 0.6428,                0.70801,                0.54141,                0.82537,                0.70331,                 1.3969,             0.00087484,             0.00087484,             0.00087484
                    123,                0.75524,                 0.6291,                 1.3057,                0.91525,                0.63903,                0.69973,                 0.5392,                0.82532,                0.71504,                 1.3902,             0.00086824,             0.00086824,             0.00086824
                    124,                0.75243,                0.61964,                 1.2826,                0.91045,                0.64343,                0.70793,                0.54493,                0.83507,                0.67392,                 1.4012,             0.00086164,             0.00086164,             0.00086164
                    125,                0.75531,                0.62755,                  1.291,                0.91193,                0.65822,                0.70544,                0.53844,                0.84652,                0.65518,                 1.4117,             0.00085504,             0.00085504,             0.00085504
                    126,                0.73295,                0.61992,                 1.2897,                0.91886,                 0.6574,                0.70404,                0.54389,                0.82812,                0.65707,                 1.3946,             0.00084844,             0.00084844,             0.00084844
                    127,                0.72655,                0.61573,                 1.2602,                0.93144,                0.64276,                0.70206,                0.53832,                0.82876,                0.68911,                 1.4005,             0.00084184,             0.00084184,             0.00084184
                    128,                0.76631,                0.63651,                 1.2933,                0.92004,                0.63387,                0.69349,                0.53735,                0.80478,                0.70062,                 1.3738,             0.00083523,             0.00083523,             0.00083523
                    129,                0.75111,                0.61057,                 1.3041,                0.92504,                 0.6404,                0.69988,                0.53611,                0.81682,                0.68922,                 1.3929,             0.00082863,             0.00082863,             0.00082863
                    130,                0.75795,                0.63273,                 1.3034,                0.92825,                0.63199,                0.69515,                0.52453,                0.84613,                0.68711,                 1.4069,             0.00082203,             0.00082203,             0.00082203
                    131,                0.72831,                0.62305,                 1.3019,                0.92611,                0.62738,                0.68843,                0.52265,                0.85627,                0.68619,                 1.4192,             0.00081543,             0.00081543,             0.00081543
                    132,                 0.7513,                0.63864,                 1.2933,                0.90396,                0.63418,                0.69307,                0.52571,                0.87096,                 0.7002,                 1.4221,             0.00080883,             0.00080883,             0.00080883
                    133,                0.80606,                0.66001,                 1.2973,                0.94153,                0.61609,                0.69864,                0.52837,                0.86987,                0.68801,                  1.418,             0.00080223,             0.00080223,             0.00080223
                    134,                0.76069,                 0.6248,                 1.3033,                0.92197,                0.64176,                0.70077,                0.53947,                0.82894,                0.68635,                 1.3894,             0.00079563,             0.00079563,             0.00079563
                    135,                0.78401,                0.65855,                 1.3057,                0.95112,                0.62089,                0.70462,                0.54427,                0.82108,                0.69368,                 1.3955,             0.00078902,             0.00078902,             0.00078902
                    136,                0.74292,                0.61129,                 1.2909,                0.96128,                0.63061,                0.71068,                0.54008,                0.82833,                0.67885,                 1.4026,             0.00078242,             0.00078242,             0.00078242
                    137,                0.73924,                 0.6045,                 1.2593,                0.88816,                0.67448,                0.71297,                0.55575,                0.79697,                0.65488,                 1.3719,             0.00077582,             0.00077582,             0.00077582
                    138,                0.70565,                0.61468,                 1.2683,                0.91159,                0.65987,                0.71167,                 0.5611,                0.80485,                0.66938,                 1.3791,             0.00076922,             0.00076922,             0.00076922
                    139,                0.76177,                0.63221,                 1.2697,                0.92526,                0.65122,                0.70676,                0.55663,                0.82147,                 0.6763,                 1.4016,             0.00076262,             0.00076262,             0.00076262
                    140,                0.73055,                0.61342,                  1.292,                0.94033,                0.64337,                0.71277,                0.54465,                0.81205,                0.67095,                 1.3841,             0.00075602,             0.00075602,             0.00075602
                    141,                0.78812,                0.65008,                 1.3046,                0.91679,                0.65263,                0.70745,                0.54742,                0.80619,                0.67643,                 1.3894,             0.00074942,             0.00074942,             0.00074942
                    142,                0.75665,                0.62858,                 1.2738,                0.94582,                0.64489,                0.70487,                0.55588,                0.80904,                0.67817,                 1.3842,             0.00074282,             0.00074282,             0.00074282
                    143,                0.71869,                0.61117,                 1.2767,                0.93935,                0.65578,                0.70663,                0.55737,                0.80964,                 0.6623,                 1.3771,             0.00073621,             0.00073621,             0.00073621
                    144,                0.72748,                0.59138,                 1.2735,                0.94224,                0.66237,                0.70839,                0.55249,                0.82331,                0.65952,                 1.4034,             0.00072961,             0.00072961,             0.00072961
                    145,                0.70546,                0.56699,                 1.2514,                0.94489,                0.65191,                0.71266,                0.55437,                0.82878,                0.65714,                 1.3987,             0.00072301,             0.00072301,             0.00072301
                    146,                0.75499,                0.59687,                 1.2698,                0.91623,                0.66227,                0.71201,                0.54703,                0.83589,                0.64876,                 1.3995,             0.00071641,             0.00071641,             0.00071641
                    147,                0.72661,                0.61781,                 1.2505,                0.92114,                0.65127,                0.70888,                0.54122,                0.84616,                0.66424,                 1.3925,             0.00070981,             0.00070981,             0.00070981
                    148,                0.78645,                0.64084,                 1.2706,                0.90968,                0.64603,                0.70071,                0.54325,                0.82699,                 0.6632,                 1.3845,             0.00070321,             0.00070321,             0.00070321
                    149,                0.71741,                0.64119,                 1.2627,                0.93203,                0.61212,                0.68348,                0.53513,                0.84068,                0.69455,                 1.3985,             0.00069661,             0.00069661,             0.00069661
                    150,                0.79221,                0.64183,                 1.2786,                0.95573,                0.64326,                 0.7085,                0.54781,                0.83706,                0.66938,                 1.4211,                0.00069,                0.00069,                0.00069
                    151,                0.72568,                0.60368,                 1.2453,                0.94082,                0.64663,                0.70708,                0.54787,                0.82133,                0.67155,                 1.3905,              0.0006834,              0.0006834,              0.0006834
                    152,                0.73681,                0.58933,                 1.2864,                0.93754,                0.63596,                0.71127,                0.55062,                0.81618,                0.68489,                 1.3898,              0.0006768,              0.0006768,              0.0006768
                    153,                0.72615,                 0.6132,                 1.2482,                0.92404,                0.64847,                0.71294,                0.55309,                0.82273,                0.68166,                 1.3901,              0.0006702,              0.0006702,              0.0006702
                    154,                0.74572,                0.59289,                 1.2668,                0.92495,                0.65183,                0.72044,                0.55093,                0.82608,                0.63901,                 1.3885,              0.0006636,              0.0006636,              0.0006636
                    155,                0.70592,                0.58973,                 1.2456,                0.95965,                0.65025,                0.72545,                0.55911,                0.80815,                0.61764,                 1.3817,               0.000657,               0.000657,               0.000657
                    156,                0.69352,                 0.5683,                 1.2934,                0.95287,                0.64794,                0.72532,                0.56468,                0.80527,                 0.6154,                 1.3715,              0.0006504,              0.0006504,              0.0006504
                    157,                0.73838,                0.57761,                 1.2616,                0.93546,                0.64847,                0.72352,                0.56361,                0.80139,                0.61709,                 1.3653,              0.0006438,              0.0006438,              0.0006438
                    158,                0.70135,                0.58718,                  1.253,                0.93066,                0.64455,                0.71813,                0.55462,                0.80012,                0.63327,                 1.3573,             0.00063719,             0.00063719,             0.00063719
                    159,                0.72851,                0.58172,                 1.2216,                0.92442,                0.64614,                0.71494,                0.54956,                0.80037,                0.64929,                 1.3451,             0.00063059,             0.00063059,             0.00063059
                    160,                0.68865,                0.57309,                 1.2472,                0.91984,                0.65623,                0.71262,                 0.5496,                0.81828,                0.65619,                  1.358,             0.00062399,             0.00062399,             0.00062399
                    161,                0.67228,                0.55085,                  1.253,                0.94596,                0.64482,                0.70953,                0.55964,                0.79611,                0.64573,                 1.3476,             0.00061739,             0.00061739,             0.00061739
                    162,                0.66964,                0.55523,                 1.2398,                0.92246,                0.64572,                 0.7092,                0.55997,                0.80479,                0.66008,                 1.3694,             0.00061079,             0.00061079,             0.00061079
                    163,                 0.6864,                0.59414,                 1.2924,                0.93195,                0.64969,                0.70642,                0.55883,                0.79908,                0.66373,                 1.3725,             0.00060419,             0.00060419,             0.00060419
                    164,                0.70588,                0.56698,                 1.2343,                0.95737,                0.64025,                0.70881,                0.56136,                0.79374,                0.66285,                 1.3745,             0.00059759,             0.00059759,             0.00059759
                    165,                0.66549,                0.55822,                 1.2282,                0.92759,                0.64607,                0.70347,                0.54997,                 0.8151,                0.67342,                 1.3824,             0.00059098,             0.00059098,             0.00059098
                    166,                0.70429,                0.56872,                 1.2248,                0.90543,                 0.6352,                 0.7045,                0.54677,                0.81377,                0.69707,                 1.3762,             0.00058438,             0.00058438,             0.00058438
                    167,                 0.6918,                 0.5721,                 1.2366,                0.91661,                0.64785,                0.70846,                0.56012,                0.78184,                0.65114,                 1.3554,             0.00057778,             0.00057778,             0.00057778
                    168,                0.66116,                0.54756,                 1.2095,                 0.9371,                0.65008,                0.70751,                0.55325,                0.81044,                 0.6659,                 1.3818,             0.00057118,             0.00057118,             0.00057118
                    169,                0.69822,                 0.5479,                 1.2305,                0.94866,                0.64929,                0.71305,                0.55985,                0.79108,                0.65683,                 1.3716,             0.00056458,             0.00056458,             0.00056458
                    170,                0.71091,                0.58852,                 1.2617,                0.94055,                0.65567,                0.71104,                0.55727,                0.79823,                0.64982,                 1.3648,             0.00055798,             0.00055798,             0.00055798
                    171,                0.66449,                0.55164,                 1.2567,                0.94525,                0.65574,                0.71224,                0.54979,                0.81022,                0.63227,                 1.3758,             0.00055138,             0.00055138,             0.00055138
                    172,                0.69547,                 0.5703,                 1.2301,                0.94504,                0.64843,                0.71374,                 0.5515,                0.79514,                0.63059,                 1.3648,             0.00054478,             0.00054478,             0.00054478
                    173,                0.70229,                0.57418,                 1.2233,                0.92326,                0.64555,                0.70984,                0.55313,                0.79653,                 0.6511,                 1.3619,             0.00053817,             0.00053817,             0.00053817
                    174,                0.67361,                0.53833,                  1.208,                0.91008,                0.64847,                0.71068,                0.55926,                0.78015,                0.64774,                 1.3418,             0.00053157,             0.00053157,             0.00053157
                    175,                0.65502,                0.55123,                 1.2242,                0.92368,                0.64223,                0.71719,                0.55766,                0.78622,                0.64515,                 1.3464,             0.00052497,             0.00052497,             0.00052497
                    176,                0.66682,                0.53639,                 1.2154,                0.93632,                0.65804,                0.72252,                0.56571,                0.77335,                0.62452,                 1.3272,             0.00051837,             0.00051837,             0.00051837
                    177,                0.71016,                0.56002,                 1.2165,                0.94359,                0.65496,                0.72335,                0.56067,                0.78942,                0.62781,                 1.3436,             0.00051177,             0.00051177,             0.00051177
                    178,                0.66339,                0.54164,                 1.2177,                0.93477,                0.65413,                0.71848,                0.55255,                 0.8022,                0.63263,                 1.3731,             0.00050517,             0.00050517,             0.00050517
                    179,                0.68552,                0.57037,                 1.2244,                0.94129,                0.65557,                0.72022,                0.56252,                0.78109,                0.63011,                 1.3492,             0.00049857,             0.00049857,             0.00049857
                    180,                0.65444,                0.54119,                 1.2188,                0.93807,                0.65496,                0.71156,                0.56143,                0.78996,                0.62631,                 1.3369,             0.00049197,             0.00049197,             0.00049197
                    181,                0.71681,                0.55174,                 1.2324,                0.91119,                0.65573,                0.71653,                0.55291,                0.79523,                0.63862,                 1.3531,             0.00048536,             0.00048536,             0.00048536
                    182,                0.69531,                0.55014,                 1.2316,                0.93161,                 0.6437,                0.71963,                 0.5585,                0.77989,                0.61894,                 1.3268,             0.00047876,             0.00047876,             0.00047876
                    183,                0.68437,                0.55091,                 1.2135,                0.93439,                0.64197,                0.71776,                0.57082,                0.78085,                0.60901,                 1.3173,             0.00047216,             0.00047216,             0.00047216
                    184,                0.64503,                0.52435,                 1.1819,                0.92967,                0.65513,                0.72589,                0.57397,                0.78071,                0.61049,                 1.3322,             0.00046556,             0.00046556,             0.00046556
                    185,                0.70125,                0.55602,                 1.2241,                0.96527,                0.64913,                 0.7259,                0.57094,                0.77889,                0.60756,                  1.335,             0.00045896,             0.00045896,             0.00045896
                    186,                0.64561,                 0.5062,                 1.1786,                0.93518,                0.66622,                0.72228,                0.56678,                0.76907,                0.61129,                 1.3341,             0.00045236,             0.00045236,             0.00045236
                    187,                0.61917,                0.51419,                 1.1976,                0.93774,                0.66112,                0.72439,                0.56672,                0.76868,                0.61256,                 1.3354,             0.00044576,             0.00044576,             0.00044576
                    188,                0.67031,                0.53694,                  1.182,                0.92375,                0.66145,                0.72223,                0.56965,                0.77283,                0.62159,                 1.3297,             0.00043915,             0.00043915,             0.00043915
                    189,                0.68363,                0.52569,                 1.2032,                0.92034,                0.66064,                0.72195,                0.56969,                0.77287,                0.61647,                 1.3303,             0.00043255,             0.00043255,             0.00043255
                    190,                0.65977,                0.52652,                 1.2071,                0.92666,                0.65413,                0.72223,                0.56653,                0.77003,                 0.6121,                 1.3316,             0.00042595,             0.00042595,             0.00042595
                    191,                0.65233,                0.50482,                 1.1871,                0.90871,                0.66896,                0.72447,                0.56575,                0.77185,                 0.6098,                 1.3338,             0.00041935,             0.00041935,             0.00041935
                    192,                 0.6446,                0.52573,                 1.1905,                 0.9419,                0.64974,                0.72263,                0.56699,                  0.772,                0.61922,                 1.3378,             0.00041275,             0.00041275,             0.00041275
                    193,                0.65234,                0.52786,                  1.201,                0.91793,                0.65512,                 0.7251,                0.56597,                0.77856,                0.62327,                  1.344,             0.00040615,             0.00040615,             0.00040615
                    194,                0.64112,                0.51406,                 1.2048,                0.93289,                0.65328,                0.72552,                0.57159,                0.76884,                0.61647,                 1.3389,             0.00039955,             0.00039955,             0.00039955
                    195,                0.68589,                0.52468,                   1.21,                0.94992,                0.65074,                0.72717,                0.56941,                0.77762,                0.61149,                 1.3461,             0.00039295,             0.00039295,             0.00039295
                    196,                0.62777,                0.50269,                 1.1874,                0.93854,                0.65901,                0.73156,                0.57117,                0.78471,                0.61143,                 1.3489,             0.00038634,             0.00038634,             0.00038634
                    197,                0.65163,                 0.5239,                  1.199,                0.93664,                0.65735,                0.73469,                0.57381,                0.77993,                0.60695,                 1.3417,             0.00037974,             0.00037974,             0.00037974
                    198,                0.62375,                0.51634,                 1.2048,                0.95334,                0.63689,                0.73214,                0.57516,                0.77759,                 0.5904,                 1.3322,             0.00037314,             0.00037314,             0.00037314
                    199,                0.61918,                0.49195,                 1.1753,                0.94842,                0.64091,                0.72578,                0.57134,                 0.7819,                0.59577,                 1.3328,             0.00036654,             0.00036654,             0.00036654
                    200,                 0.6418,                0.50559,                 1.1997,                0.93152,                0.64848,                0.72343,                 0.5702,                0.79074,                0.60678,                 1.3422,             0.00035994,             0.00035994,             0.00035994
                    201,                0.61126,                 0.5014,                 1.1877,                0.94297,                0.65064,                 0.7256,                0.56503,                0.78736,                 0.6125,                 1.3409,             0.00035334,             0.00035334,             0.00035334
                    202,                0.60558,                0.49484,                 1.1862,                0.93773,                0.65341,                0.72596,                0.56795,                0.78226,                 0.6066,                 1.3409,             0.00034674,             0.00034674,             0.00034674
                    203,                0.62599,                 0.5094,                 1.1773,                0.94004,                 0.6524,                0.72181,                0.56391,                0.78773,                0.60535,                 1.3432,             0.00034013,             0.00034013,             0.00034013
                    204,                0.64109,                   0.52,                 1.1953,                0.95961,                0.65667,                0.72665,                0.56589,                0.78873,                0.60306,                 1.3496,             0.00033353,             0.00033353,             0.00033353
                    205,                0.63448,                0.52615,                 1.2023,                0.94362,                 0.6609,                0.72783,                0.56531,                0.77969,                0.59006,                 1.3427,             0.00032693,             0.00032693,             0.00032693
                    206,                0.65359,                0.51072,                 1.2115,                 0.9292,                0.66798,                 0.7294,                0.56692,                0.77574,                0.59216,                 1.3436,             0.00032033,             0.00032033,             0.00032033
                    207,                0.67193,                0.51831,                 1.1911,                0.95075,                0.65902,                0.72793,                0.56359,                0.77397,                0.58954,                 1.3524,             0.00031373,             0.00031373,             0.00031373
                    208,                0.66248,                0.52202,                 1.2104,                0.95328,                0.66227,                0.73306,                0.57018,                0.76507,                0.58478,                 1.3487,             0.00030713,             0.00030713,             0.00030713
                    209,                0.61572,                0.49256,                 1.1681,                0.96086,                0.65818,                0.73075,                0.57339,                0.76597,                0.59098,                 1.3407,             0.00030053,             0.00030053,             0.00030053
                    210,                0.63043,                0.48922,                   1.19,                0.94161,                0.66306,                  0.729,                0.57433,                0.77282,                0.59656,                 1.3472,             0.00029393,             0.00029393,             0.00029393
                    211,                0.62906,                 0.4979,                 1.1901,                0.91969,                0.67506,                  0.728,                0.57317,                0.76822,                0.61216,                 1.3524,             0.00028732,             0.00028732,             0.00028732
                    212,                0.60464,                0.47975,                 1.1718,                0.92825,                0.66798,                0.72487,                0.57035,                0.76507,                0.60264,                 1.3511,             0.00028072,             0.00028072,             0.00028072
                    213,                0.63161,                0.49233,                 1.1849,                0.93042,                0.66673,                0.72881,                0.57417,                0.76368,                0.59871,                 1.3479,             0.00027412,             0.00027412,             0.00027412
                    214,                0.59661,                0.48543,                 1.1749,                0.92773,                0.66418,                 0.7281,                0.57573,                0.76668,                 0.5964,                  1.334,             0.00026752,             0.00026752,             0.00026752
                    215,                0.61108,                0.48796,                 1.1762,                0.93542,                0.66697,                0.73016,                0.57801,                0.76382,                0.58586,                  1.334,             0.00026092,             0.00026092,             0.00026092
                    216,                0.64173,                0.49192,                 1.1805,                0.94026,                0.66224,                0.73231,                0.57991,                0.76742,                0.58152,                 1.3396,             0.00025432,             0.00025432,             0.00025432
                    217,                 0.6362,                0.48069,                 1.1744,                0.94322,                0.65591,                0.73131,                0.57906,                0.76821,                0.58506,                 1.3386,             0.00024772,             0.00024772,             0.00024772
                    218,                0.61998,                0.48255,                 1.1774,                0.94307,                0.65016,                0.72741,                 0.5768,                 0.7748,                 0.5802,                 1.3407,             0.00024111,             0.00024111,             0.00024111
                    219,                0.60242,                0.46739,                 1.1725,                0.92789,                0.66062,                0.73063,                0.57199,                0.77389,                0.57836,                 1.3439,             0.00023451,             0.00023451,             0.00023451
                    220,                0.60937,                0.47478,                 1.1709,                0.93522,                0.66145,                 0.7319,                0.56739,                0.76685,                0.57396,                 1.3372,             0.00022791,             0.00022791,             0.00022791
                    221,                0.58885,                0.47764,                 1.1646,                0.93884,                0.65984,                0.72893,                0.56797,                0.76662,                0.57808,                 1.3303,             0.00022131,             0.00022131,             0.00022131
                    222,                0.62446,                0.48728,                 1.1636,                0.93545,                0.65887,                0.73066,                0.57339,                 0.7665,                0.57994,                 1.3368,             0.00021471,             0.00021471,             0.00021471
                    223,                0.56464,                0.46006,                 1.1432,                0.95471,                0.65474,                0.73129,                0.57278,                0.77367,                0.59133,                 1.3498,             0.00020811,             0.00020811,             0.00020811
                    224,                0.60474,                0.48519,                 1.1733,                0.94542,                0.65648,                0.73047,                0.57523,                0.76383,                0.59172,                 1.3427,             0.00020151,             0.00020151,             0.00020151
                    225,                0.64212,                0.49855,                 1.1734,                0.95993,                0.65578,                0.73478,                0.57254,                0.76848,                0.59412,                 1.3522,             0.00019491,             0.00019491,             0.00019491
                    226,                0.63553,                0.49777,                 1.1704,                0.95276,                0.65578,                0.73871,                0.57234,                0.77191,                0.59247,                  1.354,              0.0001883,              0.0001883,              0.0001883
                    227,                  0.639,                0.49049,                 1.1863,                0.94682,                0.65578,                0.73488,                0.57086,                0.77678,                0.59358,                 1.3549,              0.0001817,              0.0001817,              0.0001817
                    228,                0.61884,                0.48734,                 1.1693,                0.95463,                0.65822,                0.73758,                0.57099,                0.77407,                0.59629,                 1.3533,              0.0001751,              0.0001751,              0.0001751
                    229,                0.63914,                0.50388,                 1.1535,                0.92883,                0.66398,                0.73251,                0.57012,                 0.7632,                0.58624,                 1.3417,              0.0001685,              0.0001685,              0.0001685
                    230,                0.61276,                 0.4896,                 1.1696,                0.94912,                0.65343,                0.72743,                0.57057,                0.77026,                0.58705,                 1.3382,              0.0001619,              0.0001619,              0.0001619
                    231,                0.60092,                0.48661,                 1.1382,                0.95618,                0.65281,                0.73335,                0.57075,                  0.771,                0.58323,                 1.3442,              0.0001553,              0.0001553,              0.0001553
                    232,                0.62423,                0.47817,                 1.1661,                0.94143,                0.65483,                0.73203,                0.57277,                0.76943,                0.57759,                   1.35,              0.0001487,              0.0001487,              0.0001487
                    233,                0.63042,                0.50459,                 1.1735,                0.95168,                0.65702,                0.73536,                0.57355,                0.76374,                0.57209,                 1.3475,              0.0001421,              0.0001421,              0.0001421
                    234,                0.58393,                0.46373,                 1.1505,                 0.9501,                0.66471,                0.73689,                  0.574,                0.76969,                 0.5734,                 1.3491,             0.00013549,             0.00013549,             0.00013549
                    235,                0.60673,                0.47562,                 1.1727,                0.95011,                0.66365,                 0.7367,                0.57544,                0.76532,                0.57149,                  1.341,             0.00012889,             0.00012889,             0.00012889
                    236,                0.60467,                0.47884,                 1.1594,                0.96427,                0.65661,                0.73526,                0.57713,                0.76912,                0.57335,                 1.3403,             0.00012229,             0.00012229,             0.00012229
                    237,                0.58817,                0.47476,                 1.1716,                0.96698,                0.65822,                0.73612,                0.57517,                0.77232,                0.57366,                 1.3423,             0.00011569,             0.00011569,             0.00011569
                    238,                0.56583,                0.45528,                 1.1443,                0.96141,                 0.6631,                0.73559,                0.57442,                0.76838,                0.57466,                 1.3382,             0.00010909,             0.00010909,             0.00010909
                    239,                0.58215,                0.44958,                 1.1397,                0.96514,                 0.6631,                0.73483,                0.57525,                0.76695,                0.57055,                 1.3334,             0.00010249,             0.00010249,             0.00010249
                    240,                0.58721,                0.45755,                  1.128,                0.96585,                0.65947,                0.73421,                0.57469,                0.76632,                0.57618,                 1.3326,             9.5886e-05,             9.5886e-05,             9.5886e-05
                    241,                0.49692,                0.40985,                 1.0367,                 0.9362,                0.66698,                0.72754,                0.57176,                0.76504,                0.58104,                 1.3301,             8.9285e-05,             8.9285e-05,             8.9285e-05
                    242,                0.48078,                0.39354,                 1.0414,                0.95302,                0.66678,                0.72553,                0.56619,                0.77138,                0.58959,                 1.3366,             8.2683e-05,             8.2683e-05,             8.2683e-05
                    243,                0.50991,                0.41521,                 1.0509,                0.95283,                0.66721,                0.72125,                0.56444,                0.77292,                0.58972,                 1.3367,             7.6082e-05,             7.6082e-05,             7.6082e-05
                    244,                0.47677,                0.39073,                 1.0366,                0.95542,                0.66386,                0.72606,                 0.5679,                0.77938,                0.59402,                 1.3496,             6.9481e-05,             6.9481e-05,             6.9481e-05
                    245,                0.51722,                0.42899,                 1.0724,                 0.9532,                0.66112,                 0.7263,                0.57269,                 0.7766,                0.60023,                 1.3475,             6.2879e-05,             6.2879e-05,             6.2879e-05
                    246,                0.50521,                0.40602,                 1.0556,                0.95499,                0.65838,                0.72914,                0.57204,                0.77691,                 0.5988,                 1.3475,             5.6278e-05,             5.6278e-05,             5.6278e-05
                    247,                0.45995,                0.37967,                  1.019,                0.95178,                0.65543,                0.72801,                0.57266,                0.77663,                0.59715,                 1.3486,             4.9677e-05,             4.9677e-05,             4.9677e-05
                    248,                0.50147,                0.41513,                 1.0675,                0.93034,                0.66808,                0.72997,                 0.5726,                0.77562,                0.59777,                 1.3507,             4.3075e-05,             4.3075e-05,             4.3075e-05
                    249,                0.47228,                0.39995,                 1.0638,                0.93085,                 0.6655,                0.72754,                0.57065,                0.77116,                  0.593,                 1.3472,             3.6474e-05,             3.6474e-05,             3.6474e-05
                    250,                0.48355,                0.41337,                 1.0326,                0.93382,                 0.6655,                0.72833,                0.57333,                0.77011,                0.59636,                 1.3473,             2.9873e-05,             2.9873e-05,             2.9873e-05
